{"accuracy": [0.5970552563667297, 0.8571733236312866, 0.9126964807510376, 0.9398961663246155, 0.9548758864402771, 0.9651895761489868], "loss": [1.3641687631607056, 0.45410415530204773, 0.2703920304775238, 0.18447521328926086, 0.13696828484535217, 0.10595899820327759], "val_accuracy": [0.8263145685195923, 0.9079216718673706, 0.9259617328643799, 0.9238561391830444, 0.934156596660614, 0.9463350772857666], "val_loss": [0.553277850151062, 0.2871345281600952, 0.2251313179731369, 0.23918817937374115, 0.21008741855621338, 0.17164354026317596]}